{
  "WLHReal_V0_p": 53.6540319643,
  "WLHReal_V1_p": 0.300042293,
  "WLHReal_V2_p": -0.0001192337,
  "WLHReal_V3_p": 2.1471e-06,
  "WLHReal_V4_p": 12.918410608,
  "WLHReal_V5_p": 0.1330858829,
  "WLHReal_V6_p": 0.0003328253,
  "WLHReal_r0_p": 1.3041479419,
  "WLHReal_r1_p": 0.2938537968,
  "WLHReal_r2_p": 0.0008039876,
  "WLHReal_r3_p": 6.8659e-06,
  "WLHReal_a0_p": 0.779602661,
  "WLHReal_a1_p": 0.0001182833,
  "WLHReal_a2_p": 5.4588e-06,
  "WLHReal_a3_p": 0.0445486378,
  "WLHReal_a4_p": 0.5571679352,
  "WLHReal_V0_n": 52.6912521913,
  "WLHReal_V1_n": 0.2849592984,
  "WLHReal_V2_n": -0.0002654968,
  "WLHReal_V3_n": 2.6234e-06,
  "WLHReal_V4_n": 21.0895801061,
  "WLHReal_V5_n": 0.2847889774,
  "WLHReal_V6_n": 0.0010745253,
  "WLHReal_r0_n": 1.2978610209,
  "WLHReal_r1_n": 0.312492324,
  "WLHReal_r2_n": 0.0008999731,
  "WLHReal_r3_n": 8.6727e-06,
  "WLHReal_a0_n": 0.741279032,
  "WLHReal_a1_n": 0.0008329878,
  "WLHReal_a2_n": 1.02475e-05,
  "WLHReal_a3_n": 0.2792868326,
  "WLHReal_a4_n": 0.8764603676,
  "WLHImagVolume_W0_p": 4.3701953072,
  "WLHImagVolume_W1_p": 0.2267714208,
  "WLHImagVolume_W2_p": 0.000338132,
  "WLHImagVolume_W3_p": 11.4340928806,
  "WLHImagVolume_W4_p": 0.077068475,
  "WLHImagVolume_r0_p": 0.6541271675,
  "WLHImagVolume_r1_p": 46.0846969827,
  "WLHImagVolume_r2_p": 0.6099691135,
  "WLHImagVolume_r3_p": 58.2530624354,
  "WLHImagVolume_r4_p": 0.6418349689,
  "WLHImagVolume_r5_p": 1.5491e-06,
  "WLHImagVolume_a0_p": 0.5616542778,
  "WLHImagVolume_a1_p": 0.2708915659,
  "WLHImagVolume_a2_p": 14.3691362537,
  "WLHImagVolume_a3_p": 0.4184493049,
  "WLHImagVolume_a4_p": 0.0024314838,
  "WLHImagVolume_W0_n": 2.8722965665,
  "WLHImagVolume_W1_n": 0.2480075276,
  "WLHImagVolume_W2_n": 0.0004858014,
  "WLHImagVolume_W3_n": 8.7072302176,
  "WLHImagVolume_W4_n": 0.0246183387,
  "WLHImagVolume_r0_n": 0.5629863841,
  "WLHImagVolume_r1_n": 79.8221560535,
  "WLHImagVolume_r2_n": 0.7264601343,
  "WLHImagVolume_r3_n": 86.5142396423,
  "WLHImagVolume_r4_n": 0.9175065953,
  "WLHImagVolume_r5_n": 3.6419e-06,
  "WLHImagVolume_a0_n": 0.2391198977,
  "WLHImagVolume_a1_n": 0.5849807386,
  "WLHImagVolume_a2_n": 6.7877182692,
  "WLHImagVolume_a3_n": 0.0529392097,
  "WLHImagVolume_a4_n": 0.0005803378,
  "WLHImagSurface_W0_p": 0.8982409214,
  "WLHImagSurface_W1_p": 0.0351390393,
  "WLHImagSurface_W2_p": 0.8135662888,
  "WLHImagSurface_W3_p": 0.1214099645,
  "WLHImagSurface_r0_p": 0.9505407272,
  "WLHImagSurface_r1_p": 0.4391797103,
  "WLHImagSurface_r2_p": 0.003947669,
  "WLHImagSurface_a0_p": 0.7649106373,
  "WLHImagSurface_W0_n": 1.6408748071,
  "WLHImagSurface_W1_n": 0.0395001751,
  "WLHImagSurface_W2_n": 2.355450576,
  "WLHImagSurface_W3_n": 0.1418364594,
  "WLHImagSurface_r0_n": 1.2882811754,
  "WLHImagSurface_r1_n": 1.4774733457,
  "WLHImagSurface_r2_n": 0.0030997663,
  "WLHImagSurface_a0_n": 0.8506076645,
  "WLHRealSpinOrbit_V0_p": 9.6195980947,
  "WLHRealSpinOrbit_V1_p": 0.0085112416,
  "WLHRealSpinOrbit_r0_p": 1.276250854,
  "WLHRealSpinOrbit_r1_p": 0.8685769478,
  "WLHRealSpinOrbit_a0_p": 0.8032951951,
  "WLHRealSpinOrbit_a1_p": 0.0003508356,
  "WLHRealSpinOrbit_V0_n": 9.6220335001,
  "WLHRealSpinOrbit_V1_n": 0.0085454732,
  "WLHRealSpinOrbit_r0_n": 1.2794000707,
  "WLHRealSpinOrbit_r1_n": 0.8734769907,
  "WLHRealSpinOrbit_a0_n": 0.8060570111,
  "WLHRealSpinOrbit_a1_n": 0.0003509748
}