{
    "WLHReal": {
      "V0_p": 53.6540319643,
      "V1_p": 0.300042293,
      "V2_p": -0.0001192337,
      "V3_p": 2.1471e-06,
      "V4_p": 12.918410608,
      "V5_p": 0.1330858829,
      "V6_p": 0.0003328253,
      "r0_p": 1.3041479419,
      "r1_p": 0.2938537968,
      "r2_p": 0.0008039876,
      "r3_p": 6.8659e-06,
      "a0_p": 0.779602661,
      "a1_p": 0.0001182833,
      "a2_p": 5.4588e-06,
      "a3_p": 0.0445486378,
      "a4_p": 0.5571679352,
      "V0_n": 52.6912521913,
      "V1_n": 0.2849592984,
      "V2_n": -0.0002654968,
      "V3_n": 2.6234e-06,
      "V4_n": 21.0895801061,
      "V5_n": 0.2847889774,
      "V6_n": 0.0010745253,
      "r0_n": 1.2978610209,
      "r1_n": 0.312492324,
      "r2_n": 0.0008999731,
      "r3_n": 8.6727e-06,
      "a0_n": 0.741279032,
      "a1_n": 0.0008329878,
      "a2_n": 1.02475e-05,
      "a3_n": 0.2792868326,
      "a4_n": 0.8764603676
    },
    "WLHImagVolume": {
      "W0_p": 4.3701953072,
      "W1_p": 0.2267714208,
      "W2_p": 0.000338132,
      "W3_p": 11.4340928806,
      "W4_p": 0.077068475,
      "r0_p": 0.6541271675,
      "r1_p": 46.0846969827,
      "r2_p": 0.6099691135,
      "r3_p": 58.2530624354,
      "r4_p": 0.6418349689,
      "r5_p": 1.5491e-06,
      "a0_p": 0.5616542778,
      "a1_p": 0.2708915659,
      "a2_p": 14.3691362537,
      "a3_p": 0.4184493049,
      "a4_p": 0.0024314838,
      "W0_n": 2.8722965665,
      "W1_n": 0.2480075276,
      "W2_n": 0.0004858014,
      "W3_n": 8.7072302176,
      "W4_n": 0.0246183387,
      "r0_n": 0.5629863841,
      "r1_n": 79.8221560535,
      "r2_n": 0.7264601343,
      "r3_n": 86.5142396423,
      "r4_n": 0.9175065953,
      "r5_n": 3.6419e-06,
      "a0_n": 0.2391198977,
      "a1_n": 0.5849807386,
      "a2_n": 6.7877182692,
      "a3_n": 0.0529392097,
      "a4_n": 0.0005803378
    },
  "WLHImagSurface": {
      "W0_p": 0.8982409214,
      "W1_p": 0.0351390393,
      "W2_p": 0.8135662888,
      "W3_p": 0.1214099645,
      "r0_p": 0.9505407272,
      "r1_p": 0.4391797103,
      "r2_p": 0.003947669,
      "a0_p": 0.7649106373,
      "W0_n": 1.6408748071,
      "W1_n": 0.0395001751,
      "W2_n": 2.355450576,
      "W3_n": 0.1418364594,
      "r0_n": 1.2882811754,
      "r1_n": 1.4774733457,
      "r2_n": 0.0030997663,
      "a0_n": 0.8506076645
  },
  "WLHRealSpinOrbit": { 
      "V0_p": 9.6195980947,
      "V1_p": 0.0085112416,
      "r0_p": 1.276250854,
      "r1_p": 0.8685769478,
      "a0_p": 0.8032951951,
      "a1_p": 0.0003508356,
      "V0_n": 9.6220335001,
      "V1_n": 0.0085454732,
      "r0_n": 1.2794000707,
      "r1_n": 0.8734769907,
      "a0_n": 0.8060570111,
      "a1_n": 0.0003509748
  }
}
